l,Prov_category,provenance_url,dataset_url,source_url,Licence Category,License URL,
dc/base/ACSED5YrSurvey,StatisticsProvenance,https://nces.ed.gov/programs/edge/Demographic/ACS,https://nces.ed.gov/programs/edge/demographic/acs,https://www.census.gov/,PublicDomain,https://ies.ed.gov/accessibility-statement,
dc/base/AustraliaGeoCoordinates,PlaceProvenance,https://www.abs.gov.au/statistics/standards/australian-statistical-geography-standard-asgs-edition-3/jul2021-jun2026/access-and-downloads/digital-boundary-files,https://maps.abs.gov.au/,https://www.abs.gov.au/,Creative Commons Attribution License,https://www.abs.gov.au/website-privacy-copyright-and-disclaimer#copyright-and-creative-commons,
dc/base/AutoGeneratedStatVars,GeneratedStatvarProvenance,https://datacommons.org/,https://datacommons.org/,https://datacommons.org/,Creative Commons Attribution License,https://developers.google.com/terms,
dc/base/BEAGDPPriceParity,StatisticsProvenance,https://www.bea.gov/data,https://www.bea.gov/data/prices-inflation/regional-price-parities-state-and-metro-area,https://www.bea.gov/,PublicDomain,https://www.bea.gov/about/policies-and-information,
dc/base/BaseGeos,PlaceProvenance,https://www.census.gov/geographies/reference-files.html,https://www.census.gov/geographies/reference-files/time-series/geo/gazetteer-files.html,https://www.census.gov/,PublicDomain,https://www.census.gov/about/policies/section-508.html,
dc/base/BaseSchema,SchemaProvenance,https://datacommons.org,https://datacommons.org/,https://datacommons.org/,Creative Commons Attribution License,https://developers.google.com/terms,
dc/base/Brazil_FoodDsitribution,StatisticsProvenance,https://aplicacoes.cidadania.gov.br/vis/data3/data-explorer.php,https://aplicacoes.cidadania.gov.br/vis/data3/data-explorer.php,https://www.gov.br/mds/pt-br/pt-br/servicos/sistemas,Creative Commons Attribution-NoDerivatives 3.0 Unported,https://www.gov.br/mds/pt-br/pt-br/acesso-a-informacao/participacao-social/fale-conosco,
dc/base/Brazil_RuralDevelopmentProgram,StatisticsProvenance,https://aplicacoes.cidadania.gov.br/vis/data3/data-explorer.php,https://aplicacoes.cidadania.gov.br/vis/data3/data-explorer.php,https://www.gov.br/mds/pt-br/pt-br/servicos/sistemas,Creative Commons Attribution-NoDerivatives 3.0 Unported,https://www.gov.br/mds/pt-br/pt-br/acesso-a-informacao/participacao-social/fale-conosco,
dc/base/CBECS_Energy,StatisticsProvenance,https://www.eia.gov/consumption/commercial/data/2012/index.php?view=consumption,https://www.eia.gov/consumption/commercial/,https://www.eia.gov/,PublicDomain,https://www.eia.gov/about/copyrights_reuse.php,
dc/base/CDCPM25,StatisticsProvenance,https://data.cdc.gov/Environmental-Health-Toxicology/Daily-PM2-5-Concentrations-All-County-2001-2016/7vdq-ztk9,https://data.cdc.gov/browse?category=Environmental+Health+%26+Toxicology%22,https://www.cdc.gov/,PublicDomain,https://www.cdc.gov/other/agencymaterials.html,
dc/base/CaliforniaSchoolPerformance,StatisticsProvenance,https://caaspp-elpac.ets.org/elpac/,https://caaspp-elpac.ets.org/elpac/,https://caaspp-elpac.ets.org/elpac/,PublicDomain,https://www.ca.gov/legal/conditions-of-use/,
dc/base/Canada_Census_Places,PlaceProvenance,https://www12.statcan.gc.ca/census-recensement/2021/geo/sip-pis/boundary-limites/index2021-eng.cfm?year=21,https://www150.statcan.gc.ca/n1/en/type/data?MM=1,https://www.statcan.gc.ca/en/start,Open Government Licence – Canada (OGL-C),https://open.canada.ca/en/open-government-licence-canada,
dc/base/CensusACSBtable5YearSurvey_Btable_B25031,StatisticsProvenance,https://data.census.gov/table/ACSDT5Y2022.B25031,https://www.census.gov/programs-surveys/acs,https://www.census.gov/,PublicDomain,https://www.census.gov/about/policies/citation.html,
dc/base/CensusSuperTMCFTable_ECNBASIC2012_EC1200A1,StatisticsProvenance,https://data.census.gov/api/access/table/download,https://www.census.gov/programs-surveys/economic-census/about.html,https://www.census.gov/,PublicDomain,https://www.census.gov/about/policies/citation.html,
dc/base/Company_FIGI,EntityProvenance,https://www.openfigi.com/,https://www.openfigi.com/,https://www.openfigi.com/,PublicDomain,https://www.openfigi.com/docs/terms-of-service,
dc/base/Cotedivoire_Census,StatisticsProvenance,https://cotedivoire.opendataforafrica.org/,https://cotedivoire.opendataforafrica.org/,https://dataportal.opendataforafrica.org/,Creative Commons Attribution 4.0 License,https://dataportal.opendataforafrica.org/tzucfxc,
dc/base/CycloneNOAA_Entities,EntityProvenance,https://www.ncei.noaa.gov/products/international-best-track-archive,https://www.ncdc.noaa.gov/ibtracs/index.php?name=ib-v4-access,https://www.noaa.gov/,PublicDomain,https://www.noaa.gov/accessibility,
dc/base/CycloneNOAA_Paths,EntityProvenance,https://www.ncei.noaa.gov/products/international-best-track-archive,https://www.ncdc.noaa.gov/ibtracs/index.php?name=ib-v4-access,https://www.noaa.gov/,PublicDomain,https://www.noaa.gov/accessibility,
dc/base/DEA_DrugCodes,EntityProvenance,https://www.deadiversion.usdoj.gov/21cfr/cfr/2108cfrt.htm,,,PublicDomain,https://www.justice.gov/legalpolicies,
dc/base/DynamicWorld_FloodEvents_AutoRefresh,EntityProvenance,https://developers.google.com/earth-engine/datasets/catalog/GOOGLE_DYNAMICWORLD_V1,https://developers.google.com/earth-engine/datasets/catalog/GOOGLE_DYNAMICWORLD_V1,https://developers.google.com/earth-engine/datasets/catalog/GOOGLE_DYNAMICWORLD_V1,Creative Commons Attribution 4.0 License,https://developers.google.com/earth-engine/datasets/catalog/GOOGLE_DYNAMICWORLD_V1#terms-of-use,
dc/base/EIA860_PowerPlants,PlaceProvenance,https://www.eia.gov/electricity/data/eia860/,https://www.eia.gov/electricity/data/eia860/,https://www.eia.gov/,PublicDomain,https://www.eia.gov/about/copyrights_reuse.php,
dc/base/EIA860_Utilities,PlaceProvenance,https://www.eia.gov/electricity/data/eia860/,https://www.eia.gov/electricity/data/eia860/,https://www.eia.gov/,PublicDomain,https://www.eia.gov/about/copyrights_reuse.php,
dc/base/EIA_860,PlaceProvenance,https://www.eia.gov/electricity/data/eia860/,https://www.eia.gov/electricity/data/eia860/,https://www.eia.gov/,PublicDomain,https://www.eia.gov/about/copyrights_reuse.php,
dc/base/EPACriteriaAirPollutants_Stations,PlaceProvenance,https://aqs.epa.gov/aqsweb/airdata/download_files.html,https://www.epa.gov/outdoor-air-quality-data,https://www.epa.gov/,PublicDomain,https://www.epa.gov/web-policies-and-procedures/epa-disclaimers,
dc/base/EPA_GHGRPFacilities,PlaceProvenance,https://www.epa.gov/enviro/greenhouse-gas-overview,https://www.epa.gov/enviro/greenhouse-gas-overview,https://www.epa.gov/,PublicDomain,https://www.epa.gov/web-policies-and-procedures/epa-disclaimers,
dc/base/EPA_GHGRP_ParentCompanies_Ownership,StatisticsProvenance,https://www.epa.gov/ghgreporting,https://www.epa.gov/enviro/greenhouse-gas-overview,https://www.epa.gov/,PublicDomain,https://www.epa.gov/web-policies-and-procedures/epa-disclaimers,
dc/base/EPA_ParentCompanies,PlaceProvenance,https://www.epa.gov/ghgreporting,https://www.epa.gov/enviro/greenhouse-gas-overview,https://www.epa.gov/,PublicDomain,https://www.epa.gov/web-policies-and-procedures/epa-disclaimers,
dc/base/EPA_Superfund_Measurement_Sites,PlaceProvenance,https://cumulis.epa.gov/supercpad/SiteProfiles/index.cfm?fuseaction=second.scs&id=0601269&doc=Y&colid=33990&region=06&type=SC,https://www.epa.gov/superfund,https://www.epa.gov/,PublicDomain,https://www.epa.gov/web-policies-and-procedures/epa-disclaimers,
dc/base/EPA_Superfund_Sites,PlaceProvenance,https://epa.maps.arcgis.com/apps/webappviewer/index.html?id=33cebcdfdd1b4c3a8b51d416956c41f1,https://www.epa.gov/superfund,https://www.epa.gov/,PublicDomain,https://www.epa.gov/web-policies-and-procedures/epa-disclaimers,
dc/base/EuroGeos,PlaceProvenance,https://ec.europa.eu/eurostat/web/gisco/geodata/reference-data/administrative-units-statistical-units/nuts,https://ec.europa.eu/eurostat/,https://ec.europa.eu/eurostat,Creative Commons Attribution 4.0 License,https://commission.europa.eu/legal-notice_en,
dc/base/EurostatGeoCoodinates,PlaceProvenance,https://ec.europa.eu/eurostat/web/gisco/geodata/reference-data/administrative-units-statistical-units/nuts,https://ec.europa.eu/eurostat/,https://ec.europa.eu/eurostat,Creative Commons Attribution 4.0 License,https://commission.europa.eu/legal-notice_en,
dc/base/Eurostat_Early_Education_Training,StatisticsProvenance,https://ec.europa.eu/eurostat/databrowser/view/sdg_04_30__custom_7874475/default/table?lang=en,https://ec.europa.eu/eurostat/web/education-and-training/database,https://ec.europa.eu/eurostat,Creative Commons Attribution 4.0 License,https://commission.europa.eu/legal-notice_en,
dc/base/FAO_Currency,StatisticsProvenance,https://www.fao.org/faostat/en/#data/PE/metadata,https://www.fao.org/faostat/en/#data/PE/metadata,https://www.fao.org/faostat/,Creative Commons Attribution 4.0 License,https://www.fao.org/contact-us/terms/db-terms-of-use/en/,
dc/base/FAO_Currency_statvar,StatisticsProvenance,https://www.fao.org/faostat/en/#data/PE/metadata,https://www.fao.org/faostat/en/#data/PE/metadata,https://www.fao.org/faostat/,Creative Commons Attribution 4.0 License,https://www.fao.org/contact-us/terms/db-terms-of-use/en/,
dc/base/FBIHateCrime,StatisticsProvenance,https://www.fbi.gov/services/cjis/ucr/hate-crime,https://www.fbi.gov/services/cjis/ucr/hate-crime,https://www.fbi.gov/,PublicDomain,https://www.fbi.gov/privacy-policy,
dc/base/FBIHateCrimePublications,StatisticsProvenance,https://cde.ucr.cjis.gov/LATEST/webapp/#/pages/explorer/crime/hate-crime,https://www.fbi.gov/services/cjis/ucr/hate-crime,https://www.fbi.gov/,PublicDomain,https://www.fbi.gov/privacy-policy,
dc/base/FEC,StatisticsProvenance,https://www.fec.gov/data/browse-data/?tab=bulk-data,https://www.fec.gov/data/browse-data/?tab=bulk-data,https://www.fec.gov/,PublicDomain,https://www.fec.gov/accessibility-statement/,
dc/base/FeedingAmerica_FoodInsecurity,StatisticsProvenance,https://www.feedingamerica.org/hunger-in-america,https://map.feedingamerica.org,https://www.feedingamerica.org/,Standard Copyright,https://www.feedingamerica.org/privacy-policy,
dc/base/FeedingAmerica_MapMealGap,StatisticsProvenance,https://map.feedingamerica.org/,https://map.feedingamerica.org,https://www.feedingamerica.org/,Standard Copyright,https://www.feedingamerica.org/privacy-policy,
dc/base/FireFAMWEB,EntityProvenance,https://fam.nwcg.gov/fam-web/,https://famit.nwcg.gov/,https://www.nwcg.gov/,PublicDomain,https://www.nwcg.gov/notices#accessibility,
dc/base/FiresS2Cells,PlaceProvenance,https://s2geometry.io/resources/s2cell_statistics.html,,,Apache License 2.0.,https://github.com/google/s2-geometry-library-java/blob/master/LICENSE,
dc/base/FloodsS2Cells,PlaceProvenance,https://s2geometry.io/resources/s2cell_statistics.html,,,Apache License 2.0.,https://github.com/google/s2-geometry-library-java/blob/master/LICENSE,
dc/base/GenderIncomeInequality,StatisticsProvenance,https://www.datacommons.org/,https://datacommons.org/,https://datacommons.org/,Creative Commons Attribution License,https://developers.google.com/terms,
dc/base/GeneratedGraphs,StatisticsProvenance,https://datacommons.org/,https://datacommons.org/,https://datacommons.org/,Creative Commons Attribution License,https://developers.google.com/terms,
dc/base/GeoCoordinatesData,PlaceProvenance,https://www.census.gov/geographies/reference-files/time-series/geo/gazetteer-files.2018.html,https://www.census.gov/programs-surveys/geography/geographies/mapping-files.html,https://www.census.gov/,PublicDomain,https://www.census.gov/about/policies.html,
dc/base/GeoCoordinatesData_Oceans,PlaceProvenance,https://www.marineregions.org/sources.php#goas,https://www.marineregions.org/sources.php#goas,https://www.marineregions.org/,Creative Commons Attribution 4.0 License,https://www.marineregions.org/disclaimer.php,
dc/base/GeoCoordinatesData_Simplified,PlaceProvenance,https://www.census.gov/geographies/reference-files/time-series/geo/gazetteer-files.2018.html,https://www.census.gov/programs-surveys/geography/geographies/mapping-files.html,https://www.census.gov/,PublicDomain,https://www.census.gov/about/policies.html,
dc/base/GeoCoordinatesData_UK,PlaceProvenance,https://geoportal.statistics.gov.uk/datasets/ons::lsoa-dec-2011-boundaries-generalised-clipped-bgc-ew-v3-2/explore,https://geoportal.statistics.gov.uk/,https://www.ons.gov.uk/,Open Government Licence v3.0,https://www.nationalarchives.gov.uk/doc/open-government-licence/version/3/,
dc/base/GeoGridPlace_1Deg_Contains_With_Oceans,PlaceProvenance,https://www.marineregions.org/sources.php#goas,https://www.marineregions.org/sources.php#goas,https://www.marineregions.org/,Creative Commons Attribution 4.0 License,https://www.marineregions.org/disclaimer.php,
dc/base/GoogleKGOnlyGeos,PlaceProvenance,https://www.google.com,https://www.google.com/,https://www.google.com/,Standard Copyright,https://policies.google.com/terms,
dc/base/HumanReadableStatVars,CuratedStatvarProvenance,https://datacommons.org,https://datacommons.org/,https://datacommons.org/,Creative Commons Attribution License,https://developers.google.com/terms,
dc/base/INPE_Fire_Event_Count,StatisticsProvenance,https://terrabrasilis.dpi.inpe.br/queimadas/situacao-atual/estatisticas/estatisticas_estados/,https://www.gov.br/inpe/pt-br/acesso-a-informacao/dados-abertos/,https://www.gov.br/inpe/,Creative Commons Attribution ShareAlikeLicense,https://terrabrasilis.dpi.inpe.br/en/about/,
dc/base/IPCCPlaces,PlaceProvenance,https://www.nccs.nasa.gov/services/data-collections/land-based-products/nex-gddp,https://www.nccs.nasa.gov/services/data-collections/land-based-products/nex-gddp,https://www.nasa.gov/,PublicDomain,https://sti.nasa.gov/disclaimers/,
dc/base/IPCCPlaces_GeoCoordinates,PlaceProvenance,https://www.nccs.nasa.gov/services/data-collections/land-based-products/nex-gddp,https://www.nccs.nasa.gov/services/data-collections/land-based-products/nex-gddp,https://www.nasa.gov/,PublicDomain,https://sti.nasa.gov/disclaimers/,
dc/base/IndiaCensus_Primary,StatisticsProvenance,https://censusindia.gov.in/,https://censusindia.gov.in/census.website/data/census-tables,https://censusindia.gov.in/,Restricted Government Copyright,https://jorhat.assam.gov.in/policy-page/copyright-policy,
dc/base/IndiaCensus_PrimaryHouseless,StatisticsProvenance,https://censusindia.gov.in/,https://censusindia.gov.in/census.website/data/census-tables,https://censusindia.gov.in/,Restricted Government Copyright,https://jorhat.assam.gov.in/policy-page/copyright-policy,
dc/base/IndiaCensus_PrimaryReligion,StatisticsProvenance,https://censusindia.gov.in/,https://censusindia.gov.in/census.website/data/census-tables,https://censusindia.gov.in/,Restricted Government Copyright,https://jorhat.assam.gov.in/policy-page/copyright-policy,
dc/base/IndiaCensus_PrimarySC,StatisticsProvenance,https://censusindia.gov.in/,https://censusindia.gov.in/census.website/data/census-tables,https://censusindia.gov.in/,Restricted Government Copyright,https://jorhat.assam.gov.in/policy-page/copyright-policy,
dc/base/IndiaCensus_PrimaryST,StatisticsProvenance,https://censusindia.gov.in/,https://censusindia.gov.in/census.website/data/census-tables,https://censusindia.gov.in/,Restricted Government Copyright,https://jorhat.assam.gov.in/policy-page/copyright-policy,
dc/base/IndiaGeoCoordinates,PlaceProvenance,http://projects.datameet.org/maps,http://projects.datameet.org/maps,https://datameet.org/,Creative Commons Attribution ShareAlikeLicense,https://datameet.org/copyright/,
dc/base/IndiaGeoCoordinates_Simplified,PlaceProvenance,http://projects.datameet.org/maps,,,Creative Commons Attribution 4.0 License,https://creativecommons.org/licenses/by/4.0/,
dc/base/IndiaGeodata,PlaceProvenance,https://github.com/datameet/maps/blob/master/Country/india-composite.geojson,http://projects.datameet.org/maps,https://datameet.org/,Creative Commons Attribution ShareAlikeLicense,https://datameet.org/copyright/,
dc/base/IndiaLGDCodes,PlaceProvenance,https://lgdirectory.gov.in/downloadDirectory.do?OWASP_CSRFTOKEN=G4BW-2HK0-ZHUD-605W-VA1F-EAC8-M9J0-W4S5,https://lgdirectory.gov.in/,https://www.nic.in/,Restricted Government Copyright,https://ai.nic.in/AI/copyright_policy,
dc/base/IndiaNHM,StatisticsProvenance,https://hmis.nhp.gov.in/,https://hmis.nhp.gov.in/,https://nhm.gov.in/,Indian Government Proprietary Copyright,https://www.mospi.gov.in/sites/default/files/reports_and_publication/statistical_manual/cso_all_manual/pooling_of_central_and_state_sample_data/T&C.pdf,
dc/base/IndiaPLFS_DailyWages,StatisticsProvenance,https://mospi.gov.in/web/plfs,https://mospi.gov.in/web/plfs,https://mospi.gov.in/,Indian Government Proprietary Copyright,https://www.mospi.gov.in/sites/default/files/reports_and_publication/statistical_manual/cso_all_manual/pooling_of_central_and_state_sample_data/T&C.pdf,
dc/base/IndiaPLFS_Wages,StatisticsProvenance,https://mospi.gov.in/web/plfs,https://mospi.gov.in/web/plfs,https://mospi.gov.in/,Indian Government Proprietary Copyright,https://www.mospi.gov.in/sites/default/files/reports_and_publication/statistical_manual/cso_all_manual/pooling_of_central_and_state_sample_data/T&C.pdf,
dc/base/IndiaPoverty,StatisticsProvenance,https://socialjustice.gov.in/common/76672,https://www.niti.gov.in/sites/default/files/2021-11/National_MPI_India-11242021.pdf,https://niti.gov.in/,Restricted Government Copyright,https://www.niti.gov.in/copyright-policy,
dc/base/IndiaUDISEGeos,PlaceProvenance,http://pgi.seshagun.gov.in/BackEnd-master/api/report/getMasterData,https://udiseplus.gov.in/#/home,https://dashboard.udiseplus.gov.in/#/home,Standard Copyright,https://udiseplus.gov.in/#/en/home,
dc/base/IndiaUDISEStateMappings,PlaceProvenance,http://pgi.seshagun.gov.in/BackEnd-master/api/report/getMasterData,https://udiseplus.gov.in/#/home,https://dashboard.udiseplus.gov.in/#/home,Standard Copyright,https://udiseplus.gov.in/#/en/home,
dc/base/IndiaWRISWaterQuality,StatisticsProvenance,https://indiawris.gov.in/wris,https://indiawris.gov.in/wiki/doku.php?id=water_quality_data_and_parameters,https://indiawris.gov.in/wris/#/,Government Open Data License - India,https://www.data.gov.in/Godl,
dc/base/IndiaWaterQualityStations,PlaceProvenance,https://indiawris.gov.in/wris,https://indiawris.gov.in/wiki/doku.php?id=water_quality_data_and_parameters,https://indiawris.gov.in/wris/#/,Government Open Data License - India,https://www.data.gov.in/Godl,
dc/base/India_GeoSadak,StatisticsProvenance,https://geosadak-pmgsy.nic.in/,https://geosadak-pmgsy.nic.in/OpenData,https://geosadak-pmgsy.nic.in/,,,This site is not accessible
dc/base/Indonesia_Census,StatisticsProvenance,https://www.bps.go.id/,https://www.bps.go.id/indikator/indikator/list_/da_03/,https://www.bps.go.id/,PublicDomain,https://www.wipo.int/wipolex/en/legislation/details/15600,
dc/base/Ireland_Census,StatisticsProvenance,https://www.cso.ie/en/index.html,https://www.cso.ie/en/statistics/,https://www.cso.ie/en/index.html,Open Data Commons Attribution License,https://www.cso.ie/en/aboutus/whoweare/copyrightpolicy/,
dc/base/Israel_Census,StatisticsProvenance,https://www.cbs.gov.il/,https://www.cbs.gov.il/en/Statistics/Pages/Generators/Time-Series-DataBank.aspx?level_1=4,https://www.cbs.gov.il/he/Pages/default.aspx,CBS Custom Open License,https://forum.hasadna.org.il/uploads/default/original/1X/5053ef9103b547ceff3de67a3899653affbe805d.pdf,
dc/base/Japan_Census,StatisticsProvenance,https://www.e-stat.go.jp/,https://dashboard.e-stat.go.jp/graphSearch/graphSearchResult?selectedLFieldCd=02,https://www.e-stat.go.jp/,Government of Japan Standard Terms of Use,https://www.e-stat.go.jp/en/terms-of-use,
dc/base/MexicoCensus,StatisticsProvenance,https://www.inegi.org.mx/temas/,https://en.www.inegi.org.mx/temas/,https://www.inegi.org.mx/default.html,Free Use License,https://en.www.inegi.org.mx/inegi/terminos.html,
dc/base/MexicoCensus_AA2,StatisticsProvenance,https://data.humdata.org/dataset/cod-ps-mex,https://data.humdata.org/dataset/cod-ps-mex,https://www.unocha.org/,Proprietary / Restricted Non-Commercial License,https://gms.unocha.org/en/content/terms-and-conditions-use,
dc/base/MidDcidMappings,PlaceProvenance,https://www.google.com,https://datacommons.org/,https://datacommons.org/,Creative Commons Attribution License,https://developers.google.com/terms,
dc/base/NASA_NEXDCP30,StatisticsProvenance,https://www.nccs.nasa.gov/services/data-collections/land-based-products/nex-dcp30,https://www.nccs.nasa.gov/services/data-collections/land-based-products/nex-dcp30,https://www.nasa.gov/,PublicDomain,https://sti.nasa.gov/disclaimers/,
dc/base/NASA_NEXGDDP_CMIP6_IpccPlaces50,StatisticsProvenance,https://www.nccs.nasa.gov/services/data-collections/land-based-products/nex-gddp-cmip6,https://www.nccs.nasa.gov/services/data-collections/land-based-products/nex-gddp-cmip6,https://www.nasa.gov/,PublicDomain,https://sti.nasa.gov/disclaimers/,
dc/base/NASA_NEXGDDP_CMIP6_Subnational,StatisticsProvenance,https://www.nccs.nasa.gov/services/data-collections/land-based-products/nex-gddp-cmip6,https://www.nccs.nasa.gov/services/data-collections/land-based-products/nex-gddp-cmip6,https://www.nasa.gov/,PublicDomain,https://sti.nasa.gov/disclaimers/,
dc/base/NASA_NEXGDDP_CMIP6_Subnational_Histogram,StatisticsProvenance,https://www.nccs.nasa.gov/services/data-collections/land-based-products/nex-gddp-cmip6,https://www.nccs.nasa.gov/services/data-collections/land-based-products/nex-gddp-cmip6,https://www.nasa.gov/,PublicDomain,https://sti.nasa.gov/disclaimers/,
dc/base/NASA_NEXGDDP_CMIP6_Subnational_PDFs,StatisticsProvenance,https://www.nccs.nasa.gov/services/data-collections/land-based-products/nex-gddp-cmip6,https://www.nccs.nasa.gov/services/data-collections/land-based-products/nex-gddp-cmip6,https://www.nasa.gov/,PublicDomain,https://sti.nasa.gov/disclaimers/,
dc/base/NASA_NEXGDDP_CMIP6_Subnational_Prediction_Diffs,StatisticsProvenance,https://www.nccs.nasa.gov/services/data-collections/land-based-products/nex-gddp-cmip6,https://www.nccs.nasa.gov/services/data-collections/land-based-products/nex-gddp-cmip6,https://www.nasa.gov/,PublicDomain,https://sti.nasa.gov/disclaimers/,
dc/base/NASA_NEXGDDP_Country,StatisticsProvenance,https://www.nccs.nasa.gov/services/data-collections/land-based-products/nex-gddp,https://www.nccs.nasa.gov/services/data-collections/land-based-products/nex-gddp,https://www.nasa.gov/,PublicDomain,https://sti.nasa.gov/disclaimers/,
dc/base/NASA_NEXGDDP_IpccPlaces50,StatisticsProvenance,https://www.nccs.nasa.gov/services/data-collections/land-based-products/nex-gddp,https://www.nccs.nasa.gov/services/data-collections/land-based-products/nex-gddp,https://www.nasa.gov/,PublicDomain,https://sti.nasa.gov/disclaimers/,
dc/base/NASA_NEXGDDP_Subnational,StatisticsProvenance,https://www.nccs.nasa.gov/services/data-collections/land-based-products/nex-gddp,https://www.nccs.nasa.gov/services/data-collections/land-based-products/nex-gddp,https://www.nasa.gov/,PublicDomain,https://sti.nasa.gov/disclaimers/,
dc/base/NASA_SeaLevelProjections_CMIP6,StatisticsProvenance,https://podaac.jpl.nasa.gov/announcements/2021-08-09-Sea-level-projections-from-the-IPCC-6th-Assessment-Report,https://podaac.jpl.nasa.gov/announcements/2021-08-09-Sea-level-projections-from-the-IPCC-6th-Assessment-Report,https://www.nasa.gov/,PublicDomain,https://sti.nasa.gov/disclaimers/,
dc/base/NASA_VIIRSActiveFiresEvent_Observations,StatisticsProvenance,https://www.earthdata.nasa.gov/learn/find-data/near-real-time/firms/vnp14imgtdlnrt,https://www.earthdata.nasa.gov/learn/find-data/near-real-time/firms/vnp14imgtdlnrt,https://www.nasa.gov/,PublicDomain,https://sti.nasa.gov/disclaimers/,
dc/base/NASA_VIIRSActiveFiresEvents,EntityProvenance,https://www.earthdata.nasa.gov/learn/find-data/near-real-time/firms/vnp14imgtdlnrt,https://www.earthdata.nasa.gov/learn/find-data/near-real-time/firms/vnp14imgtdlnrt,https://www.nasa.gov/,PublicDomain,https://sti.nasa.gov/disclaimers/,
dc/base/NCES_HBCU_Enrollment_Import,StatisticsProvenance,https://nces.ed.gov/programs/digest/d22/tables/dt22_313.30.asp,https://nces.ed.gov/programs/digest/d22/tables/dt22_313.30.asp,https://nces.ed.gov/,PublicDomain,https://nces.ed.gov/statprog/licenseapp/licenseinfo,
dc/base/NCES_NationsReportCard,StatisticsProvenance,https://nces.ed.gov/nationsreportcard/,https://www.nationsreportcard.gov/ndecore,https://nces.ed.gov/,PublicDomain,https://nces.ed.gov/statprog/licenseapp/licenseinfo,
dc/base/NCES_PrivateSchool,PlaceProvenance,https://nces.ed.gov/ccd/elsi/tableGenerator.aspx,https://nces.ed.gov/ccd/elsi/,https://nces.ed.gov/,PublicDomain,https://nces.ed.gov/statprog/licenseapp/licenseinfo,
dc/base/NCES_PublicSchool,PlaceProvenance,https://nces.ed.gov/ccd/elsi/tableGenerator.aspx,https://nces.ed.gov/ccd/elsi/,https://nces.ed.gov/,PublicDomain,https://nces.ed.gov/statprog/licenseapp/licenseinfo,
dc/base/NCES_SchoolDistrict,PlaceProvenance,https://nces.ed.gov/ccd/elsi/tableGenerator.aspx,https://nces.ed.gov/ccd/elsi/,https://nces.ed.gov/,PublicDomain,https://nces.ed.gov/statprog/licenseapp/licenseinfo,
dc/base/NOAA_CoastWatch_SeaSurfaceSalinity,StatisticsProvenance,https://coastwatch.noaa.gov/erddap/griddap/noaacwSMAPsss3Daily.html,https://coastwatch.noaa.gov/cwn/index.html,https://www.noaa.gov/,PublicDomain,https://www.weather.gov/disclaimer,
dc/base/NOAA_CoastWatch_SeaSurfaceTemperature,StatisticsProvenance,https://coastwatch.noaa.gov/erddap/griddap/noaacwBLENDEDsstDaily.html,https://coastwatch.noaa.gov/cwn/index.html,https://www.noaa.gov/,PublicDomain,https://www.weather.gov/disclaimer,
dc/base/NOAA_EPA_Observed_Historical_Weather,StatisticsProvenance,https://www.noaa.gov/,https://www.ncei.noaa.gov/products/land-based-station/global-historical-climatology-network-daily,https://www.noaa.gov/,PublicDomain,https://www.weather.gov/disclaimer,
dc/base/NOAA_GFS_WeatherForecast,StatisticsProvenance,https://www.ncei.noaa.gov/products/weather-climate-models/global-forecast,https://www.ncei.noaa.gov/products/weather-climate-models/global-forecast,https://www.noaa.gov/,PublicDomain,https://www.weather.gov/disclaimer,
dc/base/NYT_COVID19,StatisticsProvenance,https://www.nytimes.com/article/coronavirus-county-data-us.html,https://github.com/nytimes/covid-19-data/,https://www.nytimes.com/,Strictly Proprietary / All Rights Reserved,https://help.nytimes.com/115014893428-Terms-of-Service,
dc/base/NearbyGeos,PlaceProvenance,https://datacommons.org,https://datacommons.org/,https://datacommons.org/,Creative Commons Attribution License,https://developers.google.com/terms,
dc/base/New_Zealand_Census,StatisticsProvenance,https://www.stats.govt.nz/,https://www.stats.govt.nz/topics/population,https://www.stats.govt.nz/,Creative Commons Attribution License,https://www.stats.govt.nz/about-us/copyright/,
dc/base/OCHAGeoCoordinates,PlaceProvenance,https://data.humdata.org,https://data.humdata.org/,https://www.un.org/en/,Proprietary / Restricted Non-Commercial License,https://www.un.org/en/about-us/terms-of-use,
dc/base/OCHAGeoCoordinatesExtended,PlaceProvenance,https://data.humdata.org,https://data.humdata.org/,https://www.un.org/en/,Proprietary / Restricted Non-Commercial License,https://www.un.org/en/about-us/terms-of-use,
dc/base/OCHAGeoCoordinates_Simplified,PlaceProvenance,https://data.humdata.org,https://data.humdata.org/,https://www.un.org/en/,Proprietary / Restricted Non-Commercial License,https://www.un.org/en/about-us/terms-of-use,
dc/base/OWID_COVID19,StatisticsProvenance,https://ourworldindata.org/coronavirus,https://github.com/owid/covid-19-data/tree/master/public/data/vaccinations,https://ourworldindata.org/,Creative Commons Attribution License,https://ourworldindata.org/faqs,
dc/base/OpportunityInsightsNeighborhoods,StatisticsProvenance,http://opportunityinsights.org,https://opportunityinsights.org/data/,https://opportunityinsights.org/,Creative Commons Attribution License,https://github.com/orgs/OpportunityInsights/repositories,
dc/base/OpportunityInsightsOutcomes,StatisticsProvenance,http://opportunityinsights.org/data,https://opportunityinsights.org/data/,https://opportunityinsights.org/,Creative Commons Attribution License,https://github.com/orgs/OpportunityInsights/repositories,
dc/base/PlaceIdDcidMappings,PlaceProvenance,https://www.google.com,https://www.google.com/,https://www.google.com/,Proprietary / Terms of Service Restrictions,https://policies.google.com/terms,
dc/base/PlacePageComparisonCohortSets,PlaceProvenance,https://datacommons.org,https://datacommons.org/,https://datacommons.org/,Creative Commons Attribution License,https://developers.google.com/terms,
dc/base/RFFGridGeos,PlaceProvenance,https://www.rff.org/publications/data-tools/,,,Creative Commons Attribution Non-Commercial No Derivatives License,https://www.rff.org/privacy-policy/,
dc/base/RFF_ClimateWildfireSmoke_EchoLab,StatisticsProvenance,https://www.stanfordecholab.com/wildfire_smoke,https://www.rff.org/publications/data-tools/,https://www.rff.org/,Creative Commons Attribution Non-Commercial No Derivatives License,https://www.rff.org/privacy-policy/,
dc/base/RFF_ClimateWildfireSmoke_MTBS,StatisticsProvenance,https://www.mtbs.gov,https://www.rff.org/publications/data-tools/,https://www.rff.org/,Creative Commons Attribution Non-Commercial No Derivatives License,https://www.rff.org/privacy-policy/,
dc/base/RFF_ClimateWildfireSmoke_ParksAbatzoglou,StatisticsProvenance,https://doi.org/10.5061/dryad.tmpg4f4x1,https://www.rff.org/publications/data-tools/,https://www.rff.org/,Creative Commons Attribution Non-Commercial No Derivatives License,https://www.rff.org/privacy-policy/,
dc/base/RandolphGlacierInventory,PlaceProvenance,https://www.glims.org/RGI/rgi60_dl.html,https://www.glims.org/RGI/rgi60_dl.html,https://www.glims.org/,Open Access,https://www.glims.org/About/citations.html,
dc/base/RandolphGlacierInventory_Area,StatisticsProvenance,https://www.glims.org/RGI/rgi60_dl.html,https://www.glims.org/RGI/rgi60_dl.html,https://www.glims.org/,Open Access,https://www.glims.org/About/citations.html,
dc/base/RawStatVars,CuratedStatvarProvenance,https://datacommons.org,https://datacommons.org/,https://datacommons.org/,Creative Commons Attribution License,https://developers.google.com/terms,
dc/base/S2Cells,PlaceProvenance,https://s2geometry.io/resources/s2cell_statistics.html,,,Apache License 2.0.,https://github.com/google/s2-geometry-library-java/blob/master/LICENSE,
dc/base/StormNOAA,EntityProvenance,https://www.ncdc.noaa.gov/,https://www.ncdc.noaa.gov/stormevents/ftp.jsp,https://www.noaa.gov/,PublicDomain,https://www.weather.gov/disclaimer,
dc/base/Sweden_Census,StatisticsProvenance,https://www.statistikdatabasen.scb.se/pxweb/sv/ssd/,https://www.statistikdatabasen.scb.se/pxweb/sv/ssd/,https://www.scb.se/en/,Creative Commons Attribution License,https://www.scb.se/en/About-us/about-the-website-and-terms-of-use/accessibility-statement/,
dc/base/TemperatureEvents,EntityProvenance,https://datacommons.org/,https://datacommons.org/,https://datacommons.org/,Creative Commons Attribution License,https://developers.google.com/terms,
dc/base/TideGaugeStations,PlaceProvenance,https://podaac.jpl.nasa.gov/,,,PublicDomain,https://podaac.jpl.nasa.gov/CitingPODAAC,
dc/base/UNGeodataSimplified,PlaceProvenance,https://geoportal.un.org/arcgis/apps/sites/#/geohub/datasets/d7caaff3ef4b4f7c82689b7c4694ad92/about,https://geoportal.un.org/,https://www.un.org/en/,Proprietary / Restricted Non-Commercial License,https://www.un.org/en/about-us/terms-of-use,
dc/base/UN_SDG,StatisticsProvenance,https://unstats.un.org/sdgs/dataportal,https://unstats.un.org/sdgs/dataportal,https://www.un.org/en/,Proprietary / Restricted Non-Commercial License,https://www.un.org/en/about-us/terms-of-use,
dc/base/UN_WHO,StatisticsProvenance,https://www.who.int/data,https://www.who.int/data,https://www.who.int/,Creative Commons Attribution Non-Commercial ShareAlike License,https://www.who.int/about/policies/publishing/copyright,
dc/base/USCensusGeos_SurfaceArea,StatisticsProvenance,https://www.census.gov/geographies/reference-files.html,https://www.census.gov/geographies/reference-files/time-series/geo/gazetteer-files.html,https://www.census.gov/,PublicDomain,https://www.census.gov/about/policies/privacy/privacy-policy.html,
dc/base/USDOL_ETA539,StatisticsProvenance,https://oui.doleta.gov/unemploy/,https://oui.doleta.gov/unemploy/DataDownloads.asp,https://www.dol.gov/,PublicDomain,https://www.dol.gov/general/aboutdol/copyright,
dc/base/USDecennialCensus_RedistrictingRelease,StatisticsProvenance,https://www.census.gov/programs-surveys/decennial-census/about/rdo/summary-files.html,https://www.census.gov,https://www.census.gov/,PublicDomain,https://www.census.gov/about/policies/privacy/privacy-policy.html,
dc/base/USEconomicCensus,StatisticsProvenance,https://www.census.gov/programs-surveys/economic-census.html,https://www.census.gov/programs-surveys/economic-census/about.html,https://www.census.gov/,PublicDomain,https://www.census.gov/about/policies/privacy/privacy-policy.html,
dc/base/USFed_ConstantMaturityRates,StatisticsProvenance,https://www.federalreserve.gov/releases/h15/,https://www.federalreserve.gov/releases/h15/default.htm,https://www.federalreserve.gov/,PublicDomain,https://www.federalreserveconsumerhelp.gov/disclaimers/,
dc/base/USGSWaterUse,StatisticsProvenance,https://waterdata.usgs.gov/nwis/wu,https://waterdata.usgs.gov/nwis/wu,https://www.usgs.gov/,PublicDomain,https://www.usgs.gov/information-policies-and-instructions/copyrights-and-credits,
dc/base/US_CDC_PRAMS,StatisticsProvenance,https://www.cdc.gov/prams/prams-data/,https://www.cdc.gov/prams/php/data-research/index.html,https://www.cdc.gov/,PublicDomain,https://www.cdc.gov/other/agencymaterials.html,
dc/base/US_Federal_Rates,StatisticsProvenance,https://www.federalreserve.gov/DataDownload/Choose.aspx?rel=H15,https://www.federalreserve.gov/DataDownload/Choose.aspx?rel=H15,https://www.federalreserve.gov/,PublicDomain,https://www.federalreserveconsumerhelp.gov/disclaimers/,
dc/base/UnitedKingdomMHCLG_IMD2019,StatisticsProvenance,https://www.gov.uk/government/statistics/english-indices-of-deprivation-2019,https://www.gov.uk/government/statistics/english-indices-of-deprivation-2019/,https://www.gov.uk/government/organisations/ministry-of-housing-communities-and-local-government,Open Government Licence v3.0,https://www.nationalarchives.gov.uk/doc/open-government-licence/version/3/,
dc/base/UniversityData,StatisticsProvenance,https://collegescorecard.ed.gov,https://collegescorecard.ed.gov/data,https://www.ed.gov/,PublicDomain,https://www.ed.gov/about/ed-overview/required-notices/website-policies/copyright-status-notice,
dc/base/Vietnam_Census,StatisticsProvenance,https://www.gso.gov.vn/en/homepage/,https://www.gso.gov.vn/en/px-web/?pxid=E0201&theme=Population%20and%20Employment,https://www.gso.gov.vn/en/homepage/,Government-Controlled / Restricted Use,https://www.nso.gov.vn/en/legal-document/,
dc/base/WRIS_India_Rainfall,StatisticsProvenance,https://indiawris.gov.in/wris/#/DataDownload,https://indiawris.gov.in/wris/#/DataDownload,https://indiawris.gov.in/wris/#/,Government Open Data License - India,https://www.data.gov.in/Godl,
dc/base/WeatherNOAA,EntityProvenance,https://www.noaa.gov/weather,,,PublicDomain,https://www.weather.gov/disclaimer,
dc/base/WetBulbTemperatureEventPlaces_AutoRefresh,StatisticsProvenance,https://datacommons.org/,https://datacommons.org/,https://datacommons.org/,Creative Commons Attribution License,https://developers.google.com/terms,
dc/base/WetBulbTemperatureEvents_AutoRefresh,EntityProvenance,https://datacommons.org/,https://datacommons.org/,https://datacommons.org/,Creative Commons Attribution License,https://developers.google.com/terms,
dc/base/WikidataGeo_Afghanistan,PlaceProvenance,https://www.wikidata.org/,https://www.wikidata.org/wiki/Wikidata:Main_Page,https://wikimediafoundation.org/,Creative Commons Attribution ShareAlikeLicense,https://foundation.wikimedia.org/wiki/Policy:Terms_of_Use,
dc/base/WikidataGeo_Argentina,PlaceProvenance,https://www.wikidata.org/,https://www.wikidata.org/wiki/Wikidata:Main_Page,https://wikimediafoundation.org/,Creative Commons Attribution ShareAlikeLicense,https://foundation.wikimedia.org/wiki/Policy:Terms_of_Use,
dc/base/WikidataGeo_Israel,PlaceProvenance,https://www.wikidata.org/,https://www.wikidata.org/wiki/Wikidata:Main_Page,https://wikimediafoundation.org/,Creative Commons Attribution ShareAlikeLicense,https://foundation.wikimedia.org/wiki/Policy:Terms_of_Use,
dc/base/WikidataGeo_Myanmar,PlaceProvenance,https://www.wikidata.org/,https://www.wikidata.org/wiki/Wikidata:Main_Page,https://wikimediafoundation.org/,Creative Commons Attribution ShareAlikeLicense,https://foundation.wikimedia.org/wiki/Policy:Terms_of_Use,
dc/base/WikidataGeo_Norway,PlaceProvenance,https://en.wikipedia.org/wiki/Counties_of_Norway,https://www.wikidata.org/wiki/Wikidata:Main_Page,https://wikimediafoundation.org/,Creative Commons Attribution ShareAlikeLicense,https://foundation.wikimedia.org/wiki/Policy:Terms_of_Use,
dc/base/WikidataGeo_Qatar,PlaceProvenance,https://www.wikidata.org/,https://www.wikidata.org/wiki/Wikidata:Main_Page,https://wikimediafoundation.org/,Creative Commons Attribution ShareAlikeLicense,https://foundation.wikimedia.org/wiki/Policy:Terms_of_Use,
dc/base/WikidataGeo_Somalia_ADM2,PlaceProvenance,https://en.wikipedia.org/wiki/States_and_regions_of_Somalia,https://www.wikidata.org/wiki/Wikidata:Main_Page,https://wikimediafoundation.org/,Creative Commons Attribution ShareAlikeLicense,https://foundation.wikimedia.org/wiki/Policy:Terms_of_Use,
dc/base/WikidataGeo_SouthKorea,PlaceProvenance,https://www.wikidata.org/,https://www.wikidata.org/wiki/Wikidata:Main_Page,https://wikimediafoundation.org/,Creative Commons Attribution ShareAlikeLicense,https://foundation.wikimedia.org/wiki/Policy:Terms_of_Use,
dc/base/WikidataGeo_Turkmenistan,PlaceProvenance,https://www.wikidata.org/,https://www.wikidata.org/wiki/Wikidata:Main_Page,https://wikimediafoundation.org/,Creative Commons Attribution ShareAlikeLicense,https://foundation.wikimedia.org/wiki/Policy:Terms_of_Use,
dc/base/WikidataGeos,PlaceProvenance,https://www.wikidata.org/,https://www.wikidata.org/wiki/Wikidata:Main_Page,https://wikimediafoundation.org/,Creative Commons Attribution ShareAlikeLicense,https://foundation.wikimedia.org/wiki/Policy:Terms_of_Use,
dc/base/WikidataI18nNames,PlaceProvenance,https://www.wikidata.org/,https://www.wikidata.org/wiki/Wikidata:Main_Page,https://wikimediafoundation.org/,Creative Commons Attribution ShareAlikeLicense,https://foundation.wikimedia.org/wiki/Policy:Terms_of_Use,
dc/base/WikidataIdDcidMappings,PlaceProvenance,https://www.google.com,https://www.wikidata.org/wiki/Wikidata:Main_Page,https://wikimediafoundation.org/,Creative Commons Attribution ShareAlikeLicense,https://foundation.wikimedia.org/wiki/Policy:Terms_of_Use,
dc/base/WikidataOtherIdGeos,PlaceProvenance,https://www.wikidata.org/,https://www.wikidata.org/wiki/Wikidata:Main_Page,https://wikimediafoundation.org/,Creative Commons Attribution ShareAlikeLicense,https://foundation.wikimedia.org/wiki/Policy:Terms_of_Use,
dc/base/WikidataPopulation,StatisticsProvenance,https://www.wikidata.org/wiki/Wikidata:Main_Page,https://www.wikidata.org/wiki/Wikidata:Main_Page,https://wikimediafoundation.org/,Creative Commons Attribution ShareAlikeLicense,https://foundation.wikimedia.org/wiki/Policy:Terms_of_Use,
dc/base/WikipediaStatsData,StatisticsProvenance,https://www.wikipedia.org,,,Creative Commons Attribution ShareAlikeLicense,https://foundation.wikimedia.org/wiki/Policy:Terms_of_Use,
dc/base/WorldBankCountryBoundaries,PlaceProvenance,https://datacatalog.worldbank.org/dataset/world-bank-official-boundaries,https://datacatalog.worldbank.org/search/dataset/0038272/World-Bank-Official-Boundaries,https://www.worldbank.org/en/home,Creative Commons Attribution License,https://data.worldbank.org/summary-terms-of-use,
dc/base/usa_child_birth,StatisticsProvenance,https://www.cdc.gov/nchs/nvss/vsrr/provisional-tables.htm,https://www.cdc.gov/nchs/nvss/vsrr/provisional-tables.html,https://www.cdc.gov/,PublicDomain,https://www.cdc.gov/other/agencymaterials.html,